{
    "atomic_numbers": [
        1,
        2,
        3,
        4,
        5,
        6,
        7,
        8,
        9,
        10,
        11,
        12,
        13,
        14,
        15,
        16,
        17,
        18,
        19,
        20,
        21,
        22,
        23,
        24,
        25,
        26,
        27,
        28,
        29,
        30,
        31,
        32,
        33,
        34,
        35,
        36,
        37,
        38,
        39,
        40,
        41,
        42,
        43,
        44,
        45,
        46,
        47,
        48,
        49,
        50,
        51,
        52,
        53,
        54,
        55,
        56,
        57,
        58,
        59,
        60,
        61,
        62,
        63,
        64,
        65,
        66,
        67,
        68,
        69,
        70,
        71,
        72,
        73,
        74,
        75,
        76,
        77,
        78,
        79,
        80,
        81,
        82,
        83,
        89,
        90,
        91,
        92,
        93,
        94
    ],
    "atomic_energies": {
        "1": -3.3751449469863366,
        "2": 2.4975815483121444,
        "3": -2.4636283757196473,
        "4": -3.886320618608819,
        "5": -7.391513631068756,
        "6": -8.240350842572212,
        "7": -8.929261474258691,
        "8": -7.673126303966306,
        "9": -5.245268318561768,
        "10": 7.41305163012807,
        "11": -1.7902714950251855,
        "12": -1.8703294675979523,
        "13": -4.25498101604429,
        "14": -6.450791901277361,
        "15": -6.337142706581059,
        "16": -5.537560825891256,
        "17": -3.490439760778427,
        "18": 7.497282221703503,
        "19": -1.5562190854183324,
        "20": -3.058373435247413,
        "21": -6.7629180503500335,
        "22": -8.811732200064665,
        "23": -8.776759422702057,
        "24": -8.886340187031516,
        "25": -8.659501839383053,
        "26": -7.856245012892455,
        "27": -6.703610917314684,
        "28": -5.7431277901964295,
        "29": -3.6837680471874017,
        "30": -1.2833621653355696,
        "31": -3.268816428036555,
        "32": -4.995294303759769,
        "33": -5.117388509151274,
        "34": -4.857302572453246,
        "35": -3.0508076835771627,
        "36": 8.684735022591925,
        "37": -1.4725038970503954,
        "38": -2.662014161597182,
        "39": -6.704485930279194,
        "40": -9.028278316041016,
        "41": -10.325000327759472,
        "42": -9.28056041039201,
        "43": -9.720675878492175,
        "44": -9.056994284471953,
        "45": -7.741334613994751,
        "46": -5.585581125046283,
        "47": -2.2674419438101827,
        "48": -0.7768135740956814,
        "49": -2.694775105998991,
        "50": -4.048053451545529,
        "51": -4.296154656836469,
        "52": -3.963666572125863,
        "53": -2.452438375039002,
        "54": 10.825082791881293,
        "55": -1.395550854706217,
        "56": -2.8599699437873807,
        "57": -5.464229393624834,
        "58": -7.011462256532479,
        "59": -5.038952842874452,
        "60": -5.04266493061607,
        "61": -4.9983468780272196,
        "62": -4.961122196996424,
        "63": -10.9708188965832,
        "64": -14.39800750457402,
        "65": -4.791600906589218,
        "66": -4.745039970394381,
        "67": -4.678916345154227,
        "68": -4.689851306411652,
        "69": -4.573681149373066,
        "70": -3.0689961091498024,
        "71": -5.681815909484495,
        "72": -10.229197320332233,
        "73": -12.04305296995852,
        "74": -11.082442619806445,
        "75": -11.549515759021965,
        "76": -10.387968064393213,
        "77": -9.03165212570385,
        "78": -6.617205125310682,
        "79": -3.3088801948545563,
        "80": -0.036764609931809744,
        "81": -2.092877449869652,
        "82": -3.495429939521664,
        "83": -3.731128406091652,
        "89": -4.636891666239069,
        "90": -7.849769445344501,
        "91": -10.734559993701632,
        "92": -12.45016168171184,
        "93": -13.706784386866612,
        "94": -14.98369454687733
    },
    "mean": -0.0007891606445622038,
    "std": 1.3121977214237828,
    "avg_num_neighbors": 44.10357465317056,
    "r_max": 6.0
}